Name,Solved,comments
Stapler,No,
CyberSploit1,No,
SoSimple,No,
SunsetMidnight,No,
Shakabrah,No,
Sumo,No,
Gaara,No,
NoName,No,
Dawn,No,
My-CMSMS,No,
Solstice,No,
Sar,No,
Pwned1,No,
Blogger,No,
SunsetDecoy,No,
Election1,No,
Lampiao,No,
Djinn3,No,
DC-9,No,
GlasgowSmile,No,
FunboxRookie,No,
Vegeta1,No,
Moneybox,No,
ICMP,No,
Tre,No,
Empire-breakout,No,
Loly,No,
InfosecPrep,No,
OnSystemShellDredd,No,
Amaterasu,No,
BBSCute,No,
Monitoring,No,
InsanityHosting,No,
DC-2,No,
Seppuku,No,
Inclusiveness,No,
DriftingBlues6,No,
DC-4,No,
SunsetNoontide,No,
EvilBox-One,No,
FunboxEasyEnum,No,
Katana,No,
Potato,No,
Assertion101,No,
Funbox,No,
PyExp,No,
DC-1,No,
Ha-natraj,No,
Photographer,No,
BTRSys2.1,No,
FunboxEasy,No,